user_id,username,email,password,address,phone_number
1,johndoe,johndoe@example.com,pass123,123 Main St,123-456-7890
2,janesmith,janesmith@example.com,pass456,456 Elm St,987-654-3210
3,maryjones,maryjones@example.com,pass789,789 Oak St,555-123-4567
4,robertbrown,robertbrown@example.com,passabc,321 Pine St,111-222-3333
5,sarahwilson,sarahwilson@example.com,passxyz,567 Maple St,444-555-6666
6,michaellee,michaellee@example.com,pass456,890 Cedar St,777-888-9999
7,lisawilliams,lisawilliams@example.com,pass789,432 Birch St,222-333-4444
8,chrisharris,chrisharris@example.com,pass123,876 Walnut St,666-777-8888
9,emilythompson,emilythompson@example.com,passabc,543 Oak St,999-000-1111
10,davidmartinez,davidmartinez@example.com,passxyz,987 Elm St,333-444-5555
11,amandajohnson,amandajohnson@example.com,pass123,654 Pine St,888-999-0000
12,jasonrodriguez,jasonrodriguez@example.com,pass456,321 Maple St,111-222-3333
13,ashleytaylor,ashleytaylor@example.com,pass789,789 Cedar St,444-555-6666
14,matthewthomas,matthewthomas@example.com,passabc,234 Birch St,777-888-9999
15,sophiawalker,sophiawalker@example.com,pass123,876 Walnut St,222-333-4444
16,jacobanderson,jacobanderson@example.com,passxyz,543 Oak St,666-777-8888
17,olivialopez,olivialopez@example.com,pass456,987 Elm St,999-000-1111
18,ethanmiller,ethanmiller@example.com,pass789,654 Pine St,333-444-5555
19,emilygonzalez,emilygonzalez@example.com,pass123,321 Maple St,888-999-0000
20,williamhernandez,williamhernandez@example.com,pass456,234 Birch St,111-222-3333
21,sophiawright,sophiawright@example.com,pass789,789 Cedar St,444-555-6666
22,alexanderhill,alexanderhill@example.com,passabc,876 Walnut St,777-888-9999
23,madisonmoore,madisonmoore@example.com,pass123,543 Oak St,222-333-4444
24,jamesrogers,jamesrogers@example.com,passxyz,987 Elm St,666-777-8888
25,emilyward,emilyward@example.com,pass456,654 Pine St,999-000-1111
26,benjamincarter,benjamincarter@example.com,pass123,321 Maple St,333-444-5555
27,gracestewart,gracestewart@example.com,pass789,234 Birch St,888-999-0000
28,danielturner,danielturner@example.com,passabc,789 Cedar St,111-222-3333
29,elliecollins,elliecollins@example.com,pass123,876 Walnut St,444-555-6666
30,williamwood,williamwood@example.com,pass456,543 Oak St,777-888-9999